time,x,y,z
0.0,-0.23754872500669313,-0.5656389106307422,9.690263520627827
0.02002002002002002,0.23168781555387277,-0.2487211073596532,9.786007350160062
0.04004004004004004,0.505621732310999,-0.03010606662123247,9.630598738593248
0.06006006006006006,-0.010290305539766911,0.17773557002827273,9.645181387834123
0.08008008008008008,-0.20361817138474939,0.7187837212216694,9.844063785466139
0.10010010010010009,-0.2639524536660104,-0.020341653922851827,9.793001496031957
0.12012012012012012,-0.11512151273625709,0.23366464731332817,9.837779818070091
0.14014014014014015,-0.07544184600704393,0.7241670965137554,9.596721093658
0.16016016016016016,-0.4387747718615591,0.10709024157369343,9.722404096746649
0.18018018018018017,0.10860739999784187,0.26020561571831313,9.73937558570132
0.20020020020020018,0.05739177684842394,-0.10007895873796856,9.698853637702399
0.22022022022022023,0.1388576502889746,0.020842416739627313,9.710914262073793
0.24024024024024024,-0.1531354515404166,0.024015724916413295,9.74672326224607
0.2602602602602603,-0.17306667415137889,0.7590905489283873,9.82070664214937
0.2802802802802803,-0.41581575243649915,0.07703950313895705,9.642295345418434
0.3003003003003003,0.12488662599163511,-0.06014567958726105,9.759765371387603
0.3203203203203203,0.1882350426055355,0.7099863505143919,9.833668690272212
0.34034034034034033,-0.13979416990216725,-0.2905618593569532,9.721209305850538
0.36036036036036034,-0.24587335992392023,0.39747064400039134,9.544187497874182
0.38038038038038036,-0.042328455016532304,-0.23552866015670734,9.933711592089464
0.40040040040040037,0.45355613712700643,0.16034021170232948,9.972638612722374
0.42042042042042044,0.4794096909990454,-0.2943950928845475,9.634063361647883
0.44044044044044045,0.23733232725046272,0.02781297504635432,9.944126778952448
0.46046046046046046,-0.4030297498085765,0.001238626754738675,9.563589285807165
0.4804804804804805,0.0012121390670752122,-0.27858757059210676,9.8680000366301
0.5005005005005005,-0.1193236824367949,0.655866498672391,10.025972244595032
0.5205205205205206,0.26130650486590595,0.09965618621500846,9.686810856833038
0.5405405405405406,0.22555357796187103,-0.07125119266166687,9.685040493419704
0.5605605605605606,0.49627828294032644,0.3374132592827352,9.64324845296645
0.5805805805805806,-0.3168942598272632,-0.002975036464892473,9.819235024859118
0.6006006006006006,0.3261544670473911,0.6391619923727626,9.780016074335945
0.6206206206206206,0.011878797040734254,0.3371303395204328,9.929634277888226
0.6406406406406406,0.4459840682281067,0.11630829834047449,9.85080057529509
0.6606606606606606,-0.312902188415487,-0.04878181757432245,9.540407639634136
0.6806806806806807,0.4243437647666216,-0.00802268795103487,9.71494857727561
0.7007007007007007,0.15842503201768507,-0.13448829931941228,9.849973790215882
0.7207207207207207,0.007274328063384243,-0.4386884925868917,9.929813666938676
0.7407407407407407,0.2974025934543684,0.1602433334928111,9.770359693865727
0.7607607607607607,-0.053581560526235174,0.020380767507736732,9.772619885149734
0.7807807807807807,0.2438068983466422,-0.1460924413178569,9.913253909494491
0.8008008008008007,0.14875639730438453,-0.44566898222545165,9.631259834580975
0.8208208208208209,-0.2451941660280924,0.4029901427979386,9.925303353579514
0.8408408408408409,-0.49808116431612437,0.24509073140828938,10.103249344682308
0.8608608608608609,0.566351860242825,0.4484181654494467,9.959678897959433
0.8808808808808809,-0.09763094080210093,-0.16686916389628256,9.546944270144778
0.9009009009009009,-0.22388098262453193,0.4124193170489923,9.572668370787488
0.9209209209209209,0.432798879357626,-0.03802889272237612,9.867318295379068
0.9409409409409409,0.1496889179346915,0.31769564966249425,9.735094053454796
0.960960960960961,-0.13911162592192036,-0.7176173783587225,9.752296155981467
0.980980980980981,-0.13515192599127,0.10014118579285364,9.673350235982413
1.001001001001001,0.0823401305629918,-0.22634451712534592,9.873952698570289
1.021021021021021,-0.04337539504844559,0.02615910966981874,9.656170882192594
1.0410410410410411,-0.4993599772418791,0.5462959065961983,9.896563815764278
1.0610610610610611,-0.0392173081816555,0.12186235536158127,9.804281705677282
1.0810810810810811,0.4343641150203084,0.4671950422017636,9.834254715629896
1.1011011011011012,0.18339549882390058,0.049640183350636025,9.926600309316598
1.1211211211211212,0.05651020466156385,0.0497755781052198,9.715038223393352
1.1411411411411412,0.12226332097702888,-0.35897553553252404,9.700257799767138
1.1611611611611612,-0.17941412536347384,0.5041303625589185,9.848277965525272
1.1811811811811812,0.05215559637560677,0.4122349779410366,9.66795182352401
1.2012012012012012,0.4770626753991645,0.22047094080759122,9.658443748795053
1.2212212212212212,-0.40826952441988457,0.38126257097767874,10.000259156861334
1.2412412412412412,0.4149383544639505,-0.2718269017222379,9.443559906039475
1.2612612612612613,-0.21267657103299845,-0.2704570046059361,9.638875539481827
1.2812812812812813,-0.34861454452965285,-0.05266449788930685,9.551296132417045
1.3013013013013013,0.604647137566541,-0.3206764318136343,9.99853414060222
1.3213213213213213,0.2382916840243149,0.14984932693151962,9.765636803386194
1.3413413413413413,-0.14023865824985865,0.5128136335983111,9.802424382946613
1.3613613613613613,0.12093187189097077,-0.04903483773328257,9.587931116949717
1.3813813813813813,0.20774308785840337,-0.08126120059860721,9.783767795198521
1.4014014014014013,0.13908985975276136,0.12320778431101691,9.585300097770958
1.4214214214214214,0.1316313054181433,0.30800393213553506,9.847526172830678
1.4414414414414414,0.03576648347248879,0.1506896733892522,9.788495915496167
1.4614614614614614,-0.1645486658366284,0.230091884139707,9.961121347901873
1.4814814814814814,0.1282365943608192,0.3674323574158777,9.963040255158244
1.5015015015015014,-0.014070282045930605,-0.2762786181304049,9.644702538027701
1.5215215215215214,-0.045388428384038886,0.047593932822327135,9.671553201442403
1.5415415415415414,-0.008953926158481527,-0.3060897201265405,9.893653804329771
1.5615615615615615,0.349623861975132,0.05193199269884275,9.900440695089483
1.5815815815815815,0.6961266687584567,0.4960480542374553,9.798110880643886
1.6016016016016015,0.2683292800255729,0.18435519533642616,9.88508679370024
1.6216216216216217,-0.309081965644796,0.31669970177620105,9.94209252959097
1.6416416416416417,0.2553256193271033,0.20116268634409595,9.941139075655167
1.6616616616616617,-0.2878435014618741,0.32836569771635404,10.05898689603708
1.6816816816816818,-0.023861187521370477,0.2118392831885582,9.922485199387102
1.7017017017017018,-0.1972999140554005,0.3622767886789766,9.791663618252876
1.7217217217217218,0.06832269838079631,0.22496209245043625,9.751748322461555
1.7417417417417418,0.11248329385658394,-0.764714481537272,9.96794504573688
1.7617617617617618,0.3415423765215148,-0.18222469041684355,10.16883416235362
1.7817817817817818,-0.24499319169029082,0.15940107734217793,10.056856341768768
1.8018018018018018,-0.4527021220327815,0.24187005654532576,9.700342949018797
1.8218218218218218,0.535368696881465,0.16327345400920745,9.8227930237943
1.8418418418418419,0.4603033265972345,-0.21893089769164317,9.896916452220127
1.8618618618618619,-0.050461105558960134,-0.13506236229242646,9.863250233697464
1.8818818818818819,-0.5454713472480011,-0.10372141892799443,9.88675938284673
1.901901901901902,-0.43551372955730633,-0.28702662731714407,9.934280353398204
1.921921921921922,0.15802656177656899,0.21932159327630027,10.07343143334008
1.941941941941942,0.6706627012082598,-0.15305659236827837,9.692755112834414
1.961961961961962,0.35026230314848333,-0.11719018018163448,9.944018431965793
1.981981981981982,-0.11720659492921023,0.022154751003515438,9.919890023503683
2.002002002002002,-0.3713966759363977,-0.09182308509514137,9.88716952317894
2.022022022022022,0.15734862140612443,-0.6131178116447998,10.079613228110528
2.042042042042042,0.10331155383524039,0.6840403616185374,9.78503382476332
2.062062062062062,0.20511604958310747,0.047118329316411314,9.870592598096742
2.0820820820820822,-0.02813345434809467,-0.04581774855761164,9.84023097012074
2.1021021021021022,0.08802531088244316,-0.1863496799085976,9.575641092819728
2.1221221221221223,-0.08490802234847862,-0.047653440569188646,9.737826429282691
2.1421421421421423,-0.3200327528309455,-0.05987913778157479,10.059987894277548
2.1621621621621623,0.13851951029284534,0.31660393613639465,9.850412678536141
2.1821821821821823,0.12044988626901332,-0.22679253537485267,9.951771237782095
2.2022022022022023,0.470330352554543,0.36334950790482573,9.91481321219831
2.2222222222222223,-0.40538423056620887,0.35303819165816813,9.830021672617784
2.2422422422422423,0.12285136969399545,-0.10487498014620976,9.914269753790455
2.2622622622622623,0.26690798316834563,-0.15627207078098193,9.673912533348062
2.2822822822822824,-0.26019043839398454,-0.22295224615050585,9.764621461183427
2.3023023023023024,0.0242150944651081,-0.002614779058573475,9.686552191852726
2.3223223223223224,-0.4165615261365538,-0.19198093750196643,9.771647519685075
2.3423423423423424,0.10139636931923665,-0.16861613478369167,9.691092935577343
2.3623623623623624,0.5343422730751872,0.043763213309345725,9.688491194667284
2.3823823823823824,0.7988859839329087,-0.2400645525184979,9.757341772669053
2.4024024024024024,0.3317881557677081,0.09477002034033911,9.5617870214028
2.4224224224224224,-0.08730420846383356,0.5018988691589341,9.627170225313153
2.4424424424424425,-0.2069433608064536,-0.12967081858818427,9.521362360202202
2.4624624624624625,0.20440036093254735,-0.3162581062394651,9.837396810149263
2.4824824824824825,0.029691369054437967,-0.504018979075564,9.838994944332223
2.5025025025025025,0.04378029921253634,-0.04031618950049435,9.694018792450997
2.5225225225225225,-0.1762700550529731,-0.16550033153652188,9.715366351773493
2.5425425425425425,0.5751779593336044,-0.1333034718959922,9.836614500917392
2.5625625625625625,0.44715550698775697,0.6594892740351433,9.892974979037875
2.5825825825825826,-0.33902637548064946,-0.2769015237638686,9.658469445818278
2.6026026026026026,0.5476541637488294,0.07340731063019286,9.674091664954112
2.6226226226226226,0.4767540680366767,0.4685052714547896,9.657536242432476
2.6426426426426426,-0.18079393995067436,-0.21612013337369257,9.793974964625278
2.6626626626626626,0.1186155905664783,0.05594728885037534,9.745717729528808
2.6826826826826826,-0.35491288634502494,0.07418143385831434,9.832861705863063
2.7027027027027026,0.1674623532158205,0.2440952139169564,9.734581140674406
2.7227227227227226,0.11802809082478131,0.12674886837874405,9.80495817061639
2.7427427427427427,-0.05230392537869163,-0.5360337715209947,9.830804784970212
2.7627627627627627,0.19254155756222213,-0.10845830202194165,9.853322878976423
2.7827827827827827,0.037095767945738226,-0.1850141793310748,9.82641939345636
2.8028028028028027,-0.22520213341020076,-0.2296472935251966,9.737496649805532
2.8228228228228227,0.17447246761625146,0.11814147891840782,9.611691118985744
2.8428428428428427,-0.13286060650874926,-0.0011272571681278964,9.690457727860629
2.8628628628628627,-0.01655941664680438,-0.10518413753403175,9.728011658947898
2.8828828828828827,-0.14407890103591323,0.34099631484215326,9.910412798138472
2.9029029029029028,0.03562928014148156,-0.4769969689047765,9.82689153937444
2.9229229229229228,0.4121569711714234,-0.06395409669326434,9.807446683609067
2.942942942942943,-0.18867398339266153,0.018700478656839714,10.159478860977952
2.962962962962963,-0.14473838429962696,0.10544038515602173,9.604459940290369
2.982982982982983,0.055975694487769546,0.4149685722822017,9.628409972139238
3.003003003003003,-0.3441137462640958,-0.03187081009255022,9.795668805538174
3.023023023023023,0.008925784289984556,-0.018675440122102566,9.812851845624808
3.043043043043043,0.021945306948997788,-0.5167477448136348,9.837163456938615
3.063063063063063,0.018561486478720243,0.33338794881252537,9.74179026849713
3.083083083083083,-0.1690038888293464,-0.021228434628054883,9.908869846245151
3.103103103103103,-0.1926179658828943,0.4092607454180386,10.019880468911522
3.123123123123123,0.2629820061800124,-0.5922982569821119,10.164237304978391
3.143143143143143,0.3511611362069392,0.014532575984302042,9.833035927968304
3.163163163163163,0.4515163099888109,0.21794737101163394,10.01945891466856
3.183183183183183,-0.13966098404008276,-0.16148302860257455,9.732141992177379
3.203203203203203,-0.13728224844850037,-0.0687998111547707,9.884828164724137
3.2232232232232234,-0.04134662006351801,-0.16906673115055088,9.82534517163805
3.2432432432432434,0.31954019483420165,0.053904395551782,10.091514668750838
3.2632632632632634,0.23633783118704335,-0.5916783923663453,9.915521254488826
3.2832832832832834,-0.03980696887363044,0.03892132506007884,9.745894524616183
3.3033033033033035,-0.08651057092275151,-0.03966335611470692,9.746191640580383
3.3233233233233235,-0.18840328024283673,0.008249455494138665,10.056155394504506
3.3433433433433435,-0.17442955911175628,0.6150541786825862,9.838007599655482
3.3633633633633635,-0.05021514352942794,0.15713041359570673,9.991650214035117
3.3833833833833835,-0.16462964473288985,0.10897983832558898,9.855011186744077
3.4034034034034035,0.1345253410570654,-0.010522932682503611,9.708608211904215
3.4234234234234235,0.38354206608279456,0.08143821223537755,9.925203036250677
3.4434434434434436,-0.4404549512566046,0.2089572357454069,10.032994393274638
3.4634634634634636,-0.23849974775769617,0.04298763471118693,9.760734733023995
3.4834834834834836,0.1405064199129565,0.40563174998079643,9.649166358337782
3.5035035035035036,-0.5908111945146624,-0.051936170241459516,9.84609396502954
3.5235235235235236,0.0029811955316803415,0.17548083179184992,9.692259449891639
3.5435435435435436,0.712808724790952,-0.027215887941159513,9.825302333463934
3.5635635635635636,-0.047789726877407214,0.5133771723716587,10.016523551414044
3.5835835835835836,-0.2959860474666704,-0.22065304899173563,9.886501668780502
3.6036036036036037,0.10557768319967419,-0.10100341839059807,9.865278644427606
3.6236236236236237,0.1551539502378796,-0.46739698126198437,9.773672409764231
3.6436436436436437,-0.47265585054982334,-0.07810318943060861,10.082843344196066
3.6636636636636637,0.2618127965289459,-0.31122557142072,9.949458030846372
3.6836836836836837,-0.37207016754422667,-0.3942866552817265,9.941692045794486
3.7037037037037037,-0.07755285939979796,0.0988803241602864,9.905019570537947
3.7237237237237237,0.2023938155287747,-0.0332148113620146,9.627299798500722
3.7437437437437437,-0.27003032919133557,-0.7343879959435854,9.89483561714501
3.7637637637637638,0.28440821315721815,-0.04059192665597438,9.800171748513298
3.7837837837837838,0.5208582784776518,-0.02484506069578157,9.609856917912698
3.803803803803804,0.06826801578710168,-0.12713342705492492,9.962568855187184
3.823823823823824,-0.37168317721278005,0.06526085179326784,9.472708013928754
3.843843843843844,-0.035867710453139724,-0.2807302812325851,9.761279624423674
3.863863863863864,-0.27002580903179474,0.11166135559790902,9.832520956599561
3.883883883883884,0.40965496249194705,-0.05185348525897656,9.902211323711771
3.903903903903904,-0.35254922258483934,0.08553053079181247,9.839157101793916
3.923923923923924,0.48266265969308453,-0.15980681000232744,9.925500291003141
3.943943943943944,-0.008326584092046592,0.14760770434380527,9.849544924048992
3.963963963963964,0.3550610731517311,0.17337435120897587,9.741232679525321
3.983983983983984,0.05334047990519263,-0.2237054457877613,9.839080704575068
4.004004004004004,-0.1048725360723218,-0.3076861064882372,9.79314051647822
4.024024024024024,0.326742541220484,0.16051489132773136,9.692451111286239
4.044044044044044,0.06706254838615494,-0.2793541609860232,9.76342983406185
4.064064064064064,-0.17704139133430102,-0.1444632516694868,9.9202725842518
4.084084084084084,-0.23570122632438215,-0.18290390068598686,9.654405958626652
4.104104104104104,0.08698875870628994,0.1622849127802609,9.867419564622747
4.124124124124124,-0.30349246098600785,-0.26237204108022383,9.979960573815825
4.1441441441441444,-0.03435207611776421,-0.23211279203121676,9.75746373494416
4.1641641641641645,-0.1324616341398123,-0.3130415315205945,9.845511393443678
4.1841841841841845,-0.1682507487732421,0.21973945958267285,9.92920931542338
4.2042042042042045,0.5057224153891534,0.1081867207801425,9.822490218760338
4.2242242242242245,0.22590913079892547,0.05951893902006472,9.8157580529249
4.2442442442442445,-0.12757011563601353,0.6350554489437434,9.964419485961516
4.2642642642642645,0.023287219982387652,-0.018632619574901404,9.852831129044313
4.2842842842842845,0.37827045677254933,0.17352125952377795,9.456204236044
4.3043043043043046,0.5360008064261652,0.08210679015712298,9.701051484266493
4.324324324324325,-0.019512700866251672,0.4987569234906426,9.980711694773984
4.344344344344345,-0.11093742650855794,0.5292409314902554,10.019241003870189
4.364364364364365,0.41834065915525437,-0.21393584992552736,10.03249140537737
4.384384384384385,0.2805986782864889,-0.2085694991854826,9.951268724041594
4.404404404404405,-0.13173348286374859,-0.21924317138736948,9.587327145089802
4.424424424424425,-0.1465640650198521,0.847688648367636,9.97112052381828
4.444444444444445,-0.5738724793073743,-0.08318181058305618,9.87129865195125
4.464464464464465,-0.07652865725947948,0.08610577065736583,9.97966384799166
4.484484484484485,-0.3121501521934856,0.3127821557082839,9.540321186905876
4.504504504504505,-0.5403492576592951,0.3080518646189021,9.67553855329933
4.524524524524525,-0.09138442831305316,-0.28010805509622927,10.116979385277027
4.544544544544545,-0.28333316012047505,-0.279466840908893,9.650376678269781
4.564564564564565,-0.5180217788561624,-0.12300356497262535,10.007003503223931
4.584584584584585,0.5241879629974329,0.242252477981757,9.851013569351345
4.604604604604605,-0.2990234255567828,0.6244838122681176,9.682708073957759
4.624624624624625,-0.009471038016093928,-0.11859607139897013,9.774712485465162
4.644644644644645,-0.0031925059951787046,-0.8279055381709273,9.960994490164824
4.664664664664665,-0.14851107595956306,-0.26666211255176914,9.934069611711386
4.684684684684685,-0.46483755160271134,-0.5043688120583247,9.875545920270168
4.704704704704705,-0.3229518815614482,-0.10721589714521061,9.786158555810603
4.724724724724725,-0.14270830451590022,-0.2525936888971921,9.619164111831385
4.744744744744745,0.08281237270319987,-0.08333377253119144,9.72343789752568
4.764764764764765,-0.6590498058380204,-0.06923089036340889,9.77113454213791
4.784784784784785,-0.22420754214824154,0.14851092443943886,9.665519516876536
4.804804804804805,0.28680308489965334,0.26872822499788934,9.618727353640372
4.824824824824825,0.15744029070898743,-0.009725673317952007,9.927471778319305
4.844844844844845,0.25279470744805477,-0.24401407454558693,10.030421624241583
4.864864864864865,0.3775863418444327,0.09356411697918586,9.747143343102747
4.884884884884885,-0.3581028220484531,0.05538643825872101,9.868828479066492
4.904904904904905,0.07398817789301187,0.27762691325617683,9.834028511161431
4.924924924924925,0.4375475929906833,-0.35388673470479515,9.722989292009911
4.944944944944945,-0.01748902072493812,-0.12314313678937783,9.841036841221909
4.964964964964965,-0.3081980100896909,0.2671289582157109,9.900248205265871
4.984984984984985,0.47011172409090496,0.308856237287716,10.162092286750442
5.005005005005005,0.38649243387202026,-0.4613793307060115,9.800124119467569
5.025025025025025,-0.12527699289729594,0.147634165534517,9.750643679848347
5.045045045045045,-0.4506588439998303,0.132354550295691,10.060772763284296
5.065065065065065,0.013075109168102906,-0.4062532475155438,9.894586255500249
5.085085085085085,0.015552827770656093,-0.1369117267376498,9.898045117469731
5.105105105105105,-0.41707054038744296,-0.2662396479231918,10.13716519056377
5.125125125125125,-0.27929964885640157,-0.4488041173191813,10.039749067511227
5.145145145145145,-0.2313634111023682,0.04961333487973044,9.58532068411231
5.165165165165165,0.3521867908541911,0.780613450275183,9.858399398604872
5.185185185185185,-0.4941032226767412,-0.15749292115443508,9.761831169324218
5.205205205205205,0.21120405877734078,-0.285349042628617,9.56292920065916
5.225225225225225,-0.14014941181403576,-0.10631746971142658,9.705714504256527
5.245245245245245,-0.15071504789259452,0.13879658361481978,9.737784870892833
5.265265265265265,-0.13075852953324685,0.4156509278846281,9.708903653914424
5.285285285285285,0.556322302685656,0.5257915382900019,9.676501721995232
5.305305305305305,0.05988192210439401,0.026719975579675783,9.768310719062407
5.325325325325325,-1.0235426907883731,0.04744989053788135,9.770310283135563
5.345345345345345,0.22867623345329885,0.24972812715644832,9.795067905801856
5.365365365365365,0.3037863541282114,0.2743613203741644,9.98692308408391
5.385385385385385,0.5638954466178948,0.0788316166089229,10.25720320448273
5.405405405405405,0.0008467649728787023,-0.030167765344494155,9.793197418259423
5.425425425425425,0.6951864574896058,-0.2013054761839959,9.740451494722658
5.445445445445445,0.1873011206118515,0.3741393168209908,9.816675542807872
5.465465465465465,-0.6463430417845155,-0.36956736296836573,9.824502306448348
5.485485485485485,0.11720379634694664,-0.043032526621821936,9.873077175043946
5.505505505505505,-0.25366941275786,-0.11021751937721087,9.81267479820167
5.525525525525525,-0.16429250266093973,-0.0883761064781711,9.738857789455318
5.545545545545545,0.637824436409003,0.12759032947741963,9.606522260661114
5.565565565565565,0.0797952640617781,0.16938147471204187,9.769057235661556
5.585585585585585,-0.5438016439507679,-0.22923350541279425,9.721689463541619
5.605605605605605,0.6828635937024438,-0.13892349127574333,9.777135891649381
5.625625625625625,-0.34183241149464855,-0.18898517634367706,10.035851165927605
5.645645645645645,0.41942541477275314,-0.14625419674679993,9.901007400705257
5.665665665665665,0.37248091996444554,0.7528494078108476,10.031445362202758
5.685685685685685,-0.031769571803392585,0.08439734588333599,9.893180472040589
5.7057057057057055,0.34224358135396077,0.09643172045912553,9.725123666327816
5.7257257257257255,-0.3803412784753044,-0.31115065766935907,9.64024946074648
5.7457457457457455,-0.49910002874902026,0.06477479124290898,9.774054096624756
5.7657657657657655,0.15334795443731206,-0.3223698770961643,9.718040391498587
5.7857857857857855,-0.3204051526161064,0.29560359480081627,9.585579161385729
5.8058058058058055,0.23140702402852897,0.2889370208315674,9.674388864716857
5.8258258258258255,0.31585860503525587,-0.37299387760450525,9.781926397636132
5.8458458458458455,0.2262674758594059,-0.11028759972087107,9.713708881254059
5.865865865865866,0.7224296318214363,-0.13067968133269472,9.685356974801826
5.885885885885886,0.5659321439306193,0.3280957338496265,9.716095990746192
5.905905905905906,0.14069359490663344,0.24080528533312168,9.677805922113702
5.925925925925926,0.07246029860875945,-0.25466666641069463,9.855657717956527
5.945945945945946,-5.646304295820845e-05,-0.07495038508144367,9.713531627153131
5.965965965965966,-0.39238815146111583,0.1321293068070883,9.85358331256351
5.985985985985986,0.009390183821126162,0.3891657390864086,9.734062606187209
6.006006006006006,-0.11108162167949227,-0.16012540844348264,9.692577457066957
6.026026026026026,0.5112038905933953,-0.41207821498626424,9.925777086101322
6.046046046046046,-0.07066749235018491,0.17799764238382343,9.670558157179775
6.066066066066066,-0.23799042498462503,-0.056487721613445285,9.851487135131542
6.086086086086086,-0.02785778928838528,-0.12481480433621814,9.65693203292523
6.106106106106106,-0.21388673034503317,-0.6886026569015743,9.443657688968322
6.126126126126126,-0.006793248796000666,-0.005370121778348613,9.896579695976707
6.146146146146146,0.3072031055708238,-0.07805907921755247,9.728138848404493
6.166166166166166,-0.2708037823044934,-0.13730598799763402,9.87959460696575
6.186186186186186,-0.28568324103499854,0.13899913520543794,9.883200928251286
6.206206206206206,-0.3119527717995732,0.13588903507203376,9.920152081568375
6.226226226226226,-0.05521845312778814,-0.029441006438358643,9.909595349734998
6.246246246246246,0.06882991181307005,-0.29361366458819127,10.029512659152243
6.266266266266266,0.6435522801138797,0.1885806720034347,9.831580230210214
6.286286286286286,-0.005358334777875245,0.3177681975386318,9.835269171557806
6.306306306306306,-0.32835287886391956,0.28250001021279125,9.865025818280328
6.326326326326326,0.3399828855266021,-0.03664359986317201,9.72074922065676
6.346346346346346,-0.10455763778757363,0.262192513403633,10.08678340061608
6.366366366366366,-0.4188274468203143,-0.5796102874865308,9.809744157748623
6.386386386386386,-0.811056326988103,0.1438727573148267,9.585294144654045
6.406406406406406,-0.11895826082660596,-0.14450110431060295,9.769229574244392
6.426426426426427,0.40858075663078325,-0.2475916265675504,9.796417916464295
6.446446446446447,-0.17446108664808133,-0.1563291384780988,9.81635607372581
6.466466466466467,0.00945330240524809,0.14891389596673837,9.557716838585813
6.486486486486487,0.4816965323844311,0.046356501825938465,10.003334545416521
6.506506506506507,0.11735086808064447,0.1190952972976314,9.682965664552066
6.526526526526527,-0.21901758536597646,0.38667424779062115,9.760881216853278
6.546546546546547,-0.20124715370133042,-0.4868100835337848,10.15814120185545
6.566566566566567,-0.23815063148479837,-0.3662751345408272,9.708803828724436
6.586586586586587,0.1434329342338784,0.049254449194845513,9.696756439640073
6.606606606606607,0.09897179259845756,-0.7402467850482275,10.225366309592792
6.626626626626627,0.014849107239334263,0.4127079009436844,9.87475822756834
6.646646646646647,0.31578694117687445,0.09000545111356263,9.795187433085376
6.666666666666667,-0.25546817268793637,-0.11547390596100347,9.57003423429771
6.686686686686687,-0.2686760134031068,-0.22960738142745055,9.820373194730147
6.706706706706707,0.06661119212844967,-0.008859415714805363,9.873519441608748
6.726726726726727,0.09840721097359832,-0.39118027541908845,9.763136232628888
6.746746746746747,0.4734047187929716,0.1804895428695403,9.584684439626013
6.766766766766767,-0.3397585770478528,-0.16560408384464137,9.768200789604757
6.786786786786787,0.1532309544082147,-0.2705240499921392,9.817461128913841
6.806806806806807,0.35287888130205375,0.17079970633819747,9.905726741893917
6.826826826826827,0.6012875866976937,0.11504885175035401,9.773012179114085
6.846846846846847,-0.7615754014069828,-0.21677470791246048,9.750597995285876
6.866866866866867,0.0009978785045723522,0.15712713250554408,10.029542651077938
6.886886886886887,0.0707028622116861,-0.15596093381081505,9.641210017524177
6.906906906906907,0.26558661548195894,-0.008069653630258635,9.677466354203398
6.926926926926927,-0.26628760845151395,-0.10170548871959985,9.912007748453018
6.946946946946947,-0.5008563023162855,-0.06351702428152949,10.045223871531352
6.966966966966967,0.1947038714391488,0.01945526451583406,9.750422101260316
6.986986986986987,0.41711086764394123,0.002584982690022916,9.817577338000108
7.007007007007007,-0.19785346813861585,-0.08958071891091396,10.009370118083202
7.027027027027027,0.3334623177801312,-0.20471861065316205,9.89161463645549
7.047047047047047,0.16724101732416916,-0.2927487046194798,9.80059502667221
7.067067067067067,-0.20385249581784995,0.1742713341205127,9.932721508969896
7.087087087087087,-0.4070178229100552,-0.5260918156134268,9.825188152175068
7.107107107107107,-0.00035782644143638696,-0.15741880575180184,9.625964311605584
7.127127127127127,-0.4406855793418979,0.5170974654178897,9.74843343369485
7.147147147147147,0.2047014642173758,0.0081311930240987,9.827597267240751
7.167167167167167,0.1912572861948261,0.053701383863908714,9.590373024264277
7.187187187187187,-0.13163717853110904,-0.12453285153471697,9.861986930311955
7.207207207207207,-0.41244183560675285,0.09093828012629865,9.855346752420159
7.227227227227227,0.06860152213130469,0.3034361520720788,9.929983283947935
7.247247247247247,0.2863262132249748,-0.5478321305282073,9.57663518055319
7.267267267267267,0.11366453132984894,-0.03934104172454745,9.808150847703482
7.287287287287287,0.6192381741773622,-0.2399443814297402,9.6504063398589
7.307307307307307,-0.12924089712695694,-0.3508148177943803,9.638122958910829
7.327327327327327,-0.1451096395719614,0.01820633847736273,9.713531232356559
7.347347347347347,0.41855514384571174,-0.31795290043239793,9.753532345585525
7.367367367367367,-0.037247852643348144,-0.16064149098801486,9.65594810557396
7.387387387387387,0.20492033525131156,-0.2812176284093391,9.855074308273485
7.407407407407407,0.47520603492363395,0.05159741189509364,10.01501513791629
7.4274274274274275,0.10753875750116683,0.1711037418309999,9.72964172907803
7.4474474474474475,0.07680215259730494,0.06305756429607838,9.827945332321002
7.4674674674674675,-0.06300181820348158,-0.06277701930473592,9.735712246525917
7.4874874874874875,-0.18057152933001505,0.2687997793310317,9.928130874454475
7.5075075075075075,-0.11390359641369519,0.0832615932437785,9.727506090793765
7.5275275275275275,-0.12112225541856858,-0.3403084976562716,10.00483258582066
7.5475475475475475,0.11940149858559158,-0.034395649928002356,9.87739635260971
7.5675675675675675,0.2299470133867234,-0.6749918941871026,9.88463812523653
7.587587587587588,0.3545447976667571,-0.11867427097997238,9.81401819785535
7.607607607607608,-0.3458842111598467,0.06394308105985125,9.692904747739925
7.627627627627628,-0.4198703846285785,-0.5447913221003945,9.735928295587224
7.647647647647648,-0.2724894227324829,0.6796491406571284,9.824174296128273
7.667667667667668,0.24110783746541878,-0.5995135863921714,9.897873940660824
7.687687687687688,-0.4369298272885767,-0.42845918216529966,9.652420342024826
7.707707707707708,-0.3387082401901422,0.19235874115929275,10.034042119200176
7.727727727727728,0.24312147972726997,-0.43302831007174786,9.629659493720276
7.747747747747748,0.200113711406873,-0.0848558231933421,9.87045308459333
7.767767767767768,-0.12621216507739055,0.26186910139557545,9.829867612367476
7.787787787787788,-0.09774452261988299,-0.015475738315385177,10.045134433190547
7.807807807807808,-0.033641173281054176,0.012060520238690055,9.748384746528565
7.827827827827828,0.18682001758592515,-0.01803258820314501,9.684768835522206
7.847847847847848,0.11593921486083306,0.2021394627486126,10.076347845538313
7.867867867867868,0.36866222005461086,0.49553337677502324,9.782417872346977
7.887887887887888,0.19735602635929264,-0.028773139118416315,9.663448518303358
7.907907907907908,0.044357412505204794,0.2917760908352569,9.940568123026265
7.927927927927928,-0.3655876881307553,-0.11549869711275047,9.643767410327984
7.947947947947948,-0.4683385486937639,-0.08525556260565513,9.670843441730053
7.967967967967968,0.2692268596410494,-0.18768421433372592,9.695039868471516
7.987987987987988,-0.3485022436088924,-0.3060830625119318,9.524775109671745
8.008008008008009,-0.2589949452174614,-0.14709436842460077,9.492602820340336
8.028028028028029,-0.09185348530172521,-0.37589612865668737,9.89025551280231
8.048048048048049,-0.49810326300741303,0.2545439733754534,10.16556080060591
8.068068068068069,-0.18787427109726604,-0.010817411974703347,9.732648221935774
8.088088088088089,0.019782228508240317,-0.1200476552815015,9.716000468575656
8.108108108108109,-0.08197250901866844,-0.5050323235613343,9.614749913300301
8.128128128128129,-0.5200541345308273,-0.11068027572990104,9.81801051394654
8.148148148148149,0.2523958276771815,-0.6239200458551554,9.934172456131526
8.168168168168169,0.25390835682344953,-0.14882043182162574,9.938729563543957
8.188188188188189,-0.18664648732798286,0.3628286490954331,9.721894914928885
8.208208208208209,-0.25191170142203273,0.4427429979343729,9.74005624218007
8.228228228228229,-0.2210775209757788,0.5361176208554637,9.822453616641814
8.248248248248249,0.18547760604383348,-0.4081932679803006,9.390548952693896
8.268268268268269,-0.13893353628093397,0.324104179834437,10.013332724932564
8.288288288288289,0.11394944982331145,-0.08141097118954937,10.005581729494054
8.308308308308309,0.34341963004004755,0.3951546098493411,9.858353927661248
8.328328328328329,0.38815182362588657,-0.2892252972494851,9.892082670434748
8.348348348348349,0.16075376086826842,-0.39030353206625906,9.764507692854915
8.368368368368369,-0.14706136582316018,-0.40504304249044293,9.962299255952558
8.388388388388389,0.013135716077938422,0.041884344580928115,9.911794369670952
8.408408408408409,0.5044859143969684,0.3483576696999127,9.629663431618471
8.428428428428429,0.4557910528209922,-0.38480749004716613,9.893189567858201
8.448448448448449,-0.021143267615483657,-0.3899481687662497,9.532211230109837
8.468468468468469,-0.3891035846699426,0.2699343915040874,9.86654188518462
8.488488488488489,0.1231174102876623,-0.028900678234478595,9.882844575509232
8.508508508508509,0.10237477101606415,-0.26776832046679633,9.81393994837891
8.528528528528529,-0.5834259834379117,0.3793341865138734,9.71825788347751
8.548548548548549,-0.07650527690900759,-0.2180905296772593,9.816681271102961
8.568568568568569,0.10577811586291302,-0.6784111455333138,10.00334836227836
8.588588588588589,0.13609615115394377,0.2658917585680332,9.929984776211976
8.608608608608609,0.35797145299718397,0.1627790301517915,9.86304921329956
8.62862862862863,-0.19171728356435963,-0.15818728348959935,9.936157287640556
8.64864864864865,0.06060071713930269,-0.07234065610451895,9.69406873064894
8.66866866866867,0.595018954502368,0.7542999605712234,9.877573577205952
8.68868868868869,-0.0762182766767212,0.39075999273686535,9.838280061641235
8.70870870870871,-0.15369214578566356,-0.1980395908110109,9.87185889961419
8.72872872872873,-0.2954365071053149,-0.3724256405817714,9.530282203876991
8.74874874874875,-0.3156200807593363,-0.026509368621684223,9.862981367397158
8.76876876876877,-0.3719069977610078,0.008991488745241078,9.805492380023423
8.78878878878879,-0.40764238718194756,-0.11326233761668998,9.993643673067915
8.80880880880881,0.3549615577859545,-0.2057186308214325,9.789047276770624
8.82882882882883,-0.1138284749413746,-0.17638775687544408,9.588997946701166
8.84884884884885,0.3834846541612365,0.4534682729350075,10.091881464469857
8.86886886886887,-0.20357634203043218,-0.010735373829214601,9.944954425742692
8.88888888888889,0.011964278433555822,0.06115266134808624,9.955308570538362
8.90890890890891,-0.1573797487045949,-0.3805199222061739,9.6951436437633
8.92892892892893,0.4929028059183331,0.11726286935642595,9.744670686678411
8.94894894894895,-0.0837554685532042,0.3851386738204743,9.766024920304533
8.96896896896897,0.12105033352902342,-0.04318679945498797,10.127916008509732
8.98898898898899,-0.31860862659216593,-0.030244796816993328,10.03738439811356
9.00900900900901,0.05404332545855821,0.26757052556375144,9.955324735872741
9.02902902902903,-0.3266543885056537,0.15338198793691057,9.935744077162918
9.04904904904905,0.25045707160812,-0.633973864582183,9.809610680723894
9.06906906906907,-0.41765323766247986,-0.44598511380655503,9.86351880073094
9.08908908908909,-0.3245637513737613,-0.13007393795060262,9.760416462381045
9.10910910910911,-0.58374885820632,-0.44456300813337823,9.781933166659584
9.12912912912913,0.17027758472033921,0.09242097499668259,9.689632048140973
9.14914914914915,0.5193813663430074,-0.1129431689406479,9.898655334531519
9.16916916916917,-0.009839460620102878,-0.24759770296832506,10.0981610574091
9.18918918918919,-0.391408619814565,-0.25700228162286193,9.808267813987936
9.20920920920921,-0.14730235552383053,0.2066008569906827,9.62919095587326
9.22922922922923,0.5021592821364623,0.21180268638454083,9.933799767641904
9.24924924924925,-0.2780142315336017,-0.4090369549486844,9.964463499604589
9.26926926926927,-0.3363699233118614,-0.1661511492765382,10.016759846629565
9.28928928928929,0.21870297769854047,-0.286820441679611,9.702220388669138
9.30930930930931,0.16845548047917575,-0.18075151239620652,9.874617251086812
9.32932932932933,0.08030910441024454,-0.09085999970522528,9.64946606701455
9.34934934934935,0.21529491316403263,-0.187519535515787,10.114275992170654
9.36936936936937,0.13932856479147304,0.04342562608365478,9.76869535488037
9.38938938938939,-0.20846438658715735,0.05542426794066025,10.001265556412667
9.40940940940941,-0.13238050328871798,-0.06170955666526,9.84395276487612
9.42942942942943,-0.5290077729637186,-0.061018030203652415,9.977486117465686
9.44944944944945,0.5116987028714642,0.4885537950593947,9.72880030348245
9.46946946946947,-0.6592750434117775,0.0987417161983725,9.639525662285687
9.48948948948949,-0.44245692077963356,-0.2399656943320837,9.75434825215216
9.50950950950951,0.3233080269357679,0.005301318060497284,9.971238300373368
9.52952952952953,0.4182509367026713,-0.08539509353984828,9.979480072852054
9.54954954954955,-0.25961115900403237,0.2077543286153157,9.58721268193825
9.56956956956957,0.3280222574317672,0.6369408520098635,9.733705980878437
9.58958958958959,-0.011732794521357838,-0.1542174078904668,9.823505547746556
9.60960960960961,0.38379979978515516,0.3639461147010883,10.019656063504543
9.62962962962963,0.0681062021967363,0.1898275726052629,9.540426474414176
9.64964964964965,-0.18716860758569637,0.5128250974769194,9.886914195047652
9.66966966966967,-0.16753519047343327,-0.09142625871209942,9.974824438942582
9.68968968968969,-0.5495334742305227,-0.2665620665977979,9.994065540940255
9.70970970970971,0.05084302371685079,-0.19127416307031372,9.869375691006454
9.72972972972973,0.06429186509845337,-0.5527974075088887,9.871994799892907
9.74974974974975,-0.29847558807858315,-0.04394301128092197,9.937976407117516
9.76976976976977,-0.06682205691151612,0.012929344924407121,9.951003252831242
9.78978978978979,0.5853024843866788,-0.15891326031820285,9.79613364886487
9.80980980980981,0.04726118179053835,-0.4455074743908924,9.906929530174189
9.82982982982983,-0.18342712100862701,0.13676734671616156,9.773644036405123
9.84984984984985,-0.26080410800250664,0.17611899831810265,9.626378242256552
9.86986986986987,-0.010714157558291219,0.02559138580847967,9.573770203163793
9.88988988988989,0.24899057141196826,0.12372157691944155,9.826805694084214
9.90990990990991,0.608275329990432,0.03333466319179333,9.732362415148094
9.92992992992993,-0.34917940708229095,0.06565767856253393,9.908634085060047
9.94994994994995,-0.232270598862757,0.2175149363938779,9.919176891688648
9.96996996996997,0.01563792269049098,0.44091990730684316,9.741391903151216
9.98998998998999,0.5202567968198728,0.008879101003315426,9.748232223016796
10.01001001001001,0.16331229141394965,-0.15575136946310056,9.519613624297634
10.03003003003003,0.10846400332295467,0.3138699341074976,9.723301012100254
10.05005005005005,-0.3193612549864195,0.05511565308196418,10.10778243125935
10.07007007007007,0.010180618497070934,0.43119925884731464,9.97692888435733
10.09009009009009,0.4529488043463953,-0.1501379830932427,9.566582736191494
10.11011011011011,-0.36943762830753196,-0.2512870881042732,9.52166194349615
10.13013013013013,-0.30438807457527756,0.3726481268883922,9.851944801041931
10.15015015015015,0.34300757268715726,-0.6968278559549765,9.656744008277593
10.17017017017017,0.33957018473134826,0.25841862821038913,9.768260070706576
10.19019019019019,0.3630979448303496,-0.6787190506369171,9.660163458131441
10.21021021021021,-0.06482500079738722,0.3924455763551074,9.955914793121721
10.23023023023023,-0.0651126216032155,0.2194031261233677,9.590287017216417
10.25025025025025,0.026960736269508172,-0.42518759412162793,9.980362026872879
10.27027027027027,0.15000553296659938,0.02653500942984959,9.7829068274065
10.29029029029029,-0.08574099280260555,-0.6563079332588725,9.843139491754888
10.31031031031031,-0.15344614779778917,-0.18777631392517194,9.908614737049934
10.33033033033033,-0.46179877747917825,-0.30506951492784956,9.707493304526423
10.35035035035035,0.14372007547516258,0.2659084100071853,9.805209172576868
10.37037037037037,-0.11814012447852557,0.5077945587876458,9.577106235840779
10.39039039039039,0.12012640031296495,-0.13006436340116184,9.778900290306709
10.41041041041041,0.11178800376276511,0.2997761738069581,9.656246966006243
10.43043043043043,0.1764640624987974,0.6906059028159022,9.715176048997032
10.45045045045045,0.2847739134599005,-0.18360437707443106,9.713276731356562
10.47047047047047,-0.07690015295847223,0.30664694434934836,9.995518997456868
10.49049049049049,-0.5184532685161425,0.2789735254258264,10.065579227605395
10.51051051051051,0.05836044346949049,-0.07819278389484105,10.073204625177869
10.53053053053053,-0.031569334578884445,0.31995296056035244,9.893842576278145
10.55055055055055,0.2287615966196777,-0.29383186821057883,9.834462807188482
10.57057057057057,-0.3155894308540293,-0.002336845660021744,10.002825007976664
10.59059059059059,0.3391276294712124,0.7088963895071879,9.831449934286482
10.61061061061061,0.47634403898746763,-0.42233391516212065,9.94481769889085
10.63063063063063,0.4186223945804113,-0.11933895033441234,9.88473120998842
10.65065065065065,0.10010407021160413,0.0012840838279242343,9.823631377968784
10.67067067067067,0.1507520738714895,0.03784972914266603,9.661745962782392
10.69069069069069,0.8190395115281877,-0.18777500925411703,9.93192160471416
10.71071071071071,-0.5155234930128035,0.604130322574378,9.610028494751768
10.73073073073073,-0.35956803120321024,-0.46552335110219467,9.905728088155442
10.75075075075075,-0.18395141042623642,-0.41337306565406784,9.731057134404603
10.77077077077077,0.23268828581623538,-0.5767810780188288,9.61304874441741
10.79079079079079,0.05474554676300114,0.1275388843878284,9.744056884623419
10.81081081081081,0.2517095743914721,-0.047218217149269895,9.674602192983102
10.83083083083083,-0.04247646892462535,0.31013098151042534,9.79628995127687
10.85085085085085,0.564596496226073,0.0976417800273461,9.562851956899301
10.87087087087087,0.17539284775386516,-0.2139048912367592,9.609443813494979
10.89089089089089,0.46189729186016487,0.1351770352757015,9.842604383383918
10.91091091091091,-0.15192271611360644,0.08534560306803844,9.454833079347507
10.93093093093093,-0.10541623812563865,0.14908917542789524,9.932587365914474
10.95095095095095,0.3351944249842028,-0.04761669570575439,9.616319355941167
10.97097097097097,-0.6854677208531736,0.011040376612462531,9.803331364978922
10.99099099099099,-0.3627736225511176,0.0495994486845304,9.659559859992534
11.01101101101101,-0.09741754629924573,0.18421678657996618,9.85800065976892
11.03103103103103,0.08977466266403399,-0.7244543880724985,9.914502459672573
11.05105105105105,0.02648436174757313,0.531489335083043,9.712826463024985
11.07107107107107,-0.10079716138074689,0.1424135826589646,9.66839606099478
11.09109109109109,-0.48986979929072133,0.1176572944497807,10.02242361459786
11.11111111111111,-0.16229749718123537,0.28528080472239387,9.977700595446182
11.13113113113113,-0.3301034839853103,-0.21960390431918084,10.338269128049904
11.15115115115115,-0.3760905566996342,-0.7274614250080561,9.797543141912557
11.17117117117117,-0.1022357142579177,0.2965782462174586,9.557655981581549
11.19119119119119,0.38606239383989815,-0.06223190499170885,9.780031052992246
11.21121121121121,0.02602447286869777,-0.39213029581434344,9.780740044237072
11.23123123123123,0.09823012116045873,-0.09429661380417013,9.715663728797866
11.25125125125125,-0.023406816894532258,0.5455536235274818,9.76281572890409
11.27127127127127,0.5291349260977095,0.5331538466413831,9.6874466012394
11.29129129129129,0.13600268060216195,0.31336522617725227,9.582727420395235
11.31131131131131,-0.029759664334904658,0.29337432612300696,9.837657214309168
11.33133133133133,-0.03166971547617578,-0.4086536531198797,9.842812441212738
11.35135135135135,-0.3364559878639359,0.15632997741732677,9.91809529461388
11.37137137137137,0.1316716302412844,0.42501599766215453,9.651397361353903
11.391391391391391,0.22466876143029324,-0.20937149362629537,9.953709457520938
11.411411411411411,-0.41635184088567484,0.029719675733060037,9.952860970916333
11.431431431431431,-0.17702685589272563,0.3747661662423873,9.840319977579064
11.451451451451451,0.43805920038221247,0.14699261945177322,9.844375954639668
11.471471471471471,0.18139664899707406,0.15260833046281141,9.887494295788178
11.491491491491491,-0.32362079982281095,0.36567172812678594,9.756043738679548
11.511511511511511,0.2513071137901176,0.11914320676963361,9.912554945092802
11.531531531531531,-0.675010488697131,-0.4818087729103564,9.764803402611529
11.551551551551551,0.03812565764812733,-0.038700052238504055,9.804145345995083
11.571571571571571,-0.20511195277680372,0.05940206256409358,9.759817875918113
11.591591591591591,-0.280919583186407,0.11495393591249645,9.469788618459551
11.611611611611611,0.1477370373341145,0.013322144939764748,9.543582973986632
11.631631631631631,0.1604620265899819,0.003615207551619641,9.769394771459567
11.651651651651651,-0.16914275036291512,-0.13354285636202282,9.74656782954316
11.671671671671671,-0.03822576851224089,-0.23135937937012496,9.589345541766264
11.691691691691691,-0.33226193476770854,-0.44941560950048526,9.634250106214395
11.711711711711711,0.39004032370551805,0.010791147136684253,9.95865508597878
11.731731731731731,0.011500952901146173,-0.017230928431991407,9.635610404604845
11.751751751751751,-0.3057890102000492,0.24631870899459357,9.729183229495929
11.771771771771771,-0.470545653753296,-0.3213659339026632,9.915393907611353
11.791791791791791,0.10306990234723906,-0.27213873502254826,10.000262254811913
11.811811811811811,-0.394170939441956,-0.00034613223362258517,9.603170367066264
11.831831831831831,-0.05775842790563753,0.309740734357154,9.619449155051928
11.851851851851851,-0.020051772275134303,-0.21610784197363295,9.674791353721995
11.871871871871871,-0.43019016486058864,-0.021891619942895704,9.85206120668692
11.891891891891891,0.2068693476759752,-0.25228355633822747,9.671370710315744
11.911911911911911,-0.5561835552662893,0.03228406735200634,10.072669442867713
11.931931931931931,-0.3367871332488763,0.01172444653058109,9.766701278401607
11.951951951951951,0.14827620096977634,-0.006022916403184287,9.622641364822135
11.971971971971971,-0.09563865872677443,-0.004035549492805892,10.124661465698795
11.991991991991991,-0.29062049925704925,-0.09715793350147937,9.74315186593407
12.012012012012011,0.0848609371249244,0.2948184735787604,9.730135035016183
12.032032032032031,0.05061309780909471,0.41755384710186033,9.925053701478777
12.052052052052051,-0.16899140123283474,-0.40677824172245813,9.718491403961867
12.072072072072071,0.4466441371944679,-0.09796486566088283,9.594489229021674
12.092092092092091,0.03057196128033814,-0.21059278133006584,9.719394201102231
12.112112112112111,0.017600014727318397,-0.28704043940216506,9.70723109035247
12.132132132132131,0.048151558735805164,0.3791644763818791,9.778428822979087
12.152152152152151,-0.2629411569260884,0.0051080211659534445,10.039597042933028
12.172172172172171,0.29676607623370854,-0.03974882944659543,9.664446048223187
12.192192192192191,-0.049198898603063486,-0.23561599745306427,9.664513206259429
12.212212212212211,0.4474407448239681,-0.17412439574873012,9.619165518613121
12.232232232232231,-0.2913361910673991,0.05105994840674321,9.719028078632206
12.252252252252251,-0.08058377227987491,0.13825995790080056,9.838426403434172
12.272272272272271,-0.32849714167250205,0.2636734888555137,9.90520658123236
12.292292292292291,0.19133635781471614,-0.20017640542908588,9.841498414297854
12.312312312312311,-0.025296721463197083,-0.1050882447856349,9.757310416510682
12.332332332332332,0.21748345800776037,-0.42175842132054087,9.98822007469642
12.352352352352352,0.48985661114028295,-0.5805030694591522,9.835829234938222
12.372372372372372,-0.4077279301268299,-0.012403658519599627,9.424967169328431
12.392392392392392,-0.049912912330281604,-0.24884847472721688,9.766876329100306
12.412412412412412,0.02077881566517014,0.41520171172155973,9.90745151615404
12.432432432432432,0.2389743781616023,-0.2791708860654111,9.595272005410932
12.452452452452452,0.04840021065884039,0.0038063295266297804,9.690722484183384
12.472472472472472,0.13479607463483154,0.08172589978375186,9.852486433690395
12.492492492492492,-0.2821360485229458,0.3082946273227129,10.061209075482758
12.512512512512512,-0.45605679837464297,0.8531441866357,9.807026937036332
12.532532532532532,0.009795771232892748,0.025832682748310586,9.65803499495217
12.552552552552552,-0.2527885803014956,-0.38260588733259254,9.814498536571564
12.572572572572572,-0.49882737095063734,-0.46801402665735936,9.531020931469357
12.592592592592592,0.26510582305918445,0.14484502849277195,9.746277594902047
12.612612612612612,0.37290551705635283,-0.06845843674926384,9.720390184049311
12.632632632632632,0.312105844898855,-0.24550812425783297,9.819879306845621
12.652652652652652,-0.11981098872079082,-0.10786105029837058,9.732450731839972
12.672672672672672,-0.017508723926575882,0.42315122264250954,9.7368475813251
12.692692692692692,0.23744222699986833,-0.2897067213110245,9.881905571907707
12.712712712712712,-0.12635282077102564,0.0028161248904488025,9.768702305725641
12.732732732732732,0.584891915062182,-0.0870090501248926,10.047942993767673
12.752752752752752,0.2126333569691892,-0.04905787406870708,9.762119231111225
12.772772772772772,-0.011702092769641412,-0.08424805038639069,9.607551866506052
12.792792792792792,0.15420100873548734,-0.008212266822672003,9.880517620002982
12.812812812812812,0.23922371088400587,0.5317363599636655,9.912821052220009
12.832832832832834,0.3748678332324016,-0.18028409984917582,9.901084327123034
12.852852852852854,-0.3302055714404634,-0.041573196944586284,9.85041559003235
12.872872872872874,0.38027619640595767,0.4327342979729215,10.034830119376815
12.892892892892894,0.2478370512828345,0.1790705940144904,9.811565255247245
12.912912912912914,0.0825265209666997,0.07471109484977659,9.6728703786611
12.932932932932934,0.18787672048574966,-0.2526914753853436,9.755079908619518
12.952952952952954,-0.20188801776814094,0.36453929650482825,9.758140278019017
12.972972972972974,0.1772113150062043,0.18940997602701215,9.60212495700972
12.992992992992994,0.46715513042041956,-0.3831208445362339,9.904869434536378
13.013013013013014,0.504196413854229,0.0994913698541291,9.77802087456329
13.033033033033034,-0.16933370552249977,-0.2031494891597277,10.22543040240788
13.053053053053054,-0.16159622647438346,0.02087217268211706,9.716064932376394
13.073073073073074,0.052396532245763246,0.11926719068746781,9.703827634994651
13.093093093093094,-0.2326715977162592,0.6354353655364342,9.84134829662943
13.113113113113114,0.08322639476429225,0.6147809496370699,9.95813411381953
13.133133133133134,-0.26414637949640957,0.03722846833619432,9.664095333842601
13.153153153153154,0.28025628868174673,0.018546109411052662,9.637825719927887
13.173173173173174,-0.33900034515976574,-0.23289198122199298,9.793581566825852
13.193193193193194,-0.07467135348458989,-0.06999932124111473,9.750855628188884
13.213213213213214,-0.7006733825161726,0.34857293851208315,9.834657443895173
13.233233233233234,-0.11948929421877547,-0.3100037640522841,9.937504182532868
13.253253253253254,0.4792937650943725,0.14612547835983242,9.785556239664466
13.273273273273274,0.1377543406575436,0.2577700454847188,10.044043144276117
13.293293293293294,0.09330810290212974,-0.2556932607622156,9.621673718291868
13.313313313313314,0.07879702023018853,-0.19764626872515095,9.977971058676246
13.333333333333334,0.21814533562925748,0.05391781207238306,9.806010082192497
13.353353353353354,-0.04944572253196806,0.08583109332380597,9.833188049174765
13.373373373373374,-0.4647594171945481,-0.1153781104056869,9.700182572743126
13.393393393393394,-0.3262974169463584,0.3764473642559231,9.68080003341514
13.413413413413414,0.14741377352875482,0.41017836435035193,9.800191254356264
13.433433433433434,-0.2935806960536239,0.16963307924477972,9.8060097812278
13.453453453453454,0.4057379355920536,0.6391897075426844,9.8241843190966
13.473473473473474,0.08913982952565246,-0.04723449591708769,9.674090200291618
13.493493493493494,0.7258441499074102,-0.03243813216474972,9.555850973164654
13.513513513513514,-0.34019102596393475,0.024313370351699715,9.902685389118385
13.533533533533534,0.37717453418055796,-0.2258310165489235,9.88805087520946
13.553553553553554,-0.06554062646013074,0.6249835197059472,9.807689783542338
13.573573573573574,-0.12030311887419792,0.2876562800799388,9.649850687913519
13.593593593593594,0.18763357796526658,0.3631636296736164,9.710927339965084
13.613613613613614,0.21764197103625169,-0.11065412083188939,9.595974375881188
13.633633633633634,-0.1253340694425298,-0.43381785211945995,9.892336355833164
13.653653653653654,0.005894231187041531,0.19358818525631882,9.888112843014113
13.673673673673674,0.10566790939377092,0.3829946074511637,9.657368397987197
13.693693693693694,0.1589113365254714,-0.05050166748317511,9.882023932390306
13.713713713713714,-0.39380091984697924,-0.2509458826251686,9.744478349646638
13.733733733733734,0.21717504880408342,-0.07990613777646438,10.16916995085362
13.753753753753754,-0.08522860779874095,-0.12378360528452181,9.384220395674115
13.773773773773774,-0.280709485054143,-0.5154444590006154,9.743693794460487
13.793793793793794,-0.09439850525193219,-0.04182519837145492,9.812871986945913
13.813813813813814,-0.2806855008666893,-0.5336905883265988,9.8134503040499
13.833833833833834,-0.41383040471621785,0.321081101666117,9.831925849919848
13.853853853853854,0.1434675172124454,-0.03143432368402671,9.962885619545029
13.873873873873874,0.42467076462246506,-0.43454300561558995,9.834155567112525
13.893893893893894,-0.1955494334871215,-0.12542702318768617,9.72707536720394
13.913913913913914,-0.059263199572598346,-0.14915502732472402,10.088174745050166
13.933933933933934,0.43533526587425264,-0.14885536719852768,9.7792663550019
13.953953953953954,-0.30168111956587423,-0.45608475403056425,10.035748707619463
13.973973973973974,-0.06169823226724687,0.022883841344971508,9.7999927337223
13.993993993993994,0.13492350517864027,-0.20370036975412703,9.847884414252956
14.014014014014014,-0.3375635205693469,-0.4578984823898117,10.065651362278807
14.034034034034034,0.11148708477474066,0.30345043859615123,9.60047303712566
14.054054054054054,-0.0783901902574292,-0.020827518878523226,9.766125111272576
14.074074074074074,-0.3050054677887631,-0.18943153191559187,9.891710363277191
14.094094094094094,-0.41326449970144674,0.0701978159239505,9.598608156297018
14.114114114114114,0.21413089871769558,-0.38647115518412306,10.082073164332376
14.134134134134134,-0.41854884160714984,0.04707993851104773,9.683784912516535
14.154154154154154,-0.15705667165051812,-0.34509350541311773,9.974255735306928
14.174174174174174,-0.11307128993489775,0.21188749165968546,9.65741632543982
14.194194194194194,0.2593346693810119,0.040196528310977205,9.914546976696093
14.214214214214214,-0.43000054133113735,-0.13553329006216402,9.694341741111511
14.234234234234235,0.09855944636129994,-0.04587061412138862,9.793215512079806
14.254254254254255,-0.26950298416174867,0.047176305497318355,9.599114050569241
14.274274274274275,-0.7232809409619858,0.23705053339403806,9.787762051873353
14.294294294294295,0.21133922576750516,-0.29590001792189996,9.59088156613909
14.314314314314315,0.09031658729691006,0.15828625284390996,9.88628258379734
14.334334334334335,0.14463034512260384,0.23713466976598668,9.983615467419002
14.354354354354355,-0.024254909091132825,-0.23386394472928085,9.684922852905077
14.374374374374375,0.034667121956730315,-0.3205999671802648,9.523086100831575
14.394394394394395,-0.3181526770284615,0.0631496669658687,9.97161240501565
14.414414414414415,0.21076124616769426,0.09929470623236338,9.810108317494795
14.434434434434435,-0.12219476457684361,0.19317658596924422,9.859538045550122
14.454454454454455,-0.3518192762960954,-0.08817467711100858,9.628192867150684
14.474474474474475,-0.026924898331797235,-0.04408175907278433,9.937065288032631
14.494494494494495,-0.10863063219506165,0.5620921130120629,9.881394850707917
14.514514514514515,0.38091517928928137,-0.21112583563508835,9.682123974518143
14.534534534534535,-0.7116384670257375,-0.026097059477387743,9.745751948572158
14.554554554554555,0.1562192219309602,0.17809977453882933,9.660157733203278
14.574574574574575,-0.08417788094456005,0.12019353497702574,9.849645993089924
14.594594594594595,-0.008054278204341278,-0.32020186187667055,10.060726053626528
14.614614614614615,0.1791618558755916,0.04684521438839887,9.781210923562947
14.634634634634635,-0.05911191765180837,0.30096989794177614,10.095321909326318
14.654654654654655,0.08837622319197043,-0.28888315366168776,9.746863359318711
14.674674674674675,0.020237043822705494,0.09938897473770154,9.754592853370832
14.694694694694695,-0.15098797305904235,0.4055302549107834,9.544471089162313
14.714714714714715,0.664422864978025,0.24750655106425132,9.799737121484666
14.734734734734735,-0.16876423147927946,-0.21183012408874244,9.770071622230247
14.754754754754755,0.6058038573628629,-0.10269130948976217,9.858948294241424
14.774774774774775,-0.17690502113515733,0.2945985750770259,9.497597263847021
14.794794794794795,0.17889211606844507,0.009992963277831819,9.782443022824852
14.814814814814815,-0.25742925682965956,-0.15118198252823667,10.120670298356783
14.834834834834835,0.4990889826576746,-0.07119052449165027,9.6808729594496
14.854854854854855,0.147802862558135,-0.06795159579407994,10.165339993624759
14.874874874874875,0.21267498601842724,0.28971950196580376,9.987567101274445
14.894894894894895,0.4408575402395901,-0.5332663176438269,9.871954500451093
14.914914914914915,0.4400013998729492,-0.009148923628806876,10.017048572328873
14.934934934934935,-0.10680640437339271,0.020345054030040777,9.951648412640594
14.954954954954955,-0.3209599311969505,0.1168875851404828,9.953567076238194
14.974974974974975,0.28499799906557066,-0.22055650345954694,9.646821530199833
14.994994994994995,0.4292697951627964,0.47598607349707717,9.76365893719167
15.015015015015015,0.1729015601302546,-0.11936085653928166,9.753732725579734
15.035035035035035,0.5038018159440536,0.3656380050892278,10.050975032453087
15.055055055055055,-0.15813908813526847,0.5688795862220312,9.897584387475238
15.075075075075075,-0.32794736858838325,-0.2789342499407684,9.646440253822355
15.095095095095095,0.19995972482059443,0.22572704127988463,9.99089255665684
15.115115115115115,0.1300942365724542,-0.2712497723932551,9.375409100215997
15.135135135135135,-0.18269634470408505,-0.37517131559064953,10.063983808193802
15.155155155155155,-0.3116815435278462,-0.24593985228094511,9.945596005592733
15.175175175175175,-0.209129332666496,0.20230527299983256,10.137296628137323
15.195195195195195,-0.6049215699118963,0.12113662351118504,10.048337485704938
15.215215215215215,0.1607797310909841,0.2504266920473654,9.829626912208262
15.235235235235235,-0.035487612082113255,-0.18272330182672025,9.818745229968936
15.255255255255255,-0.6634023423471394,0.27790293380645203,9.770287062983707
15.275275275275275,-0.7100185196319178,0.20793580164873085,9.66751145291122
15.295295295295295,-0.46336494433105546,-0.04716147248290287,9.727107193906985
15.315315315315315,-0.13048125131332786,0.15709517591865962,9.696068856806347
15.335335335335335,0.42925093880648707,0.4843154332640102,9.65657428163671
15.355355355355355,-0.3985004542476654,-0.5861999285287947,9.495410520484683
15.375375375375375,-0.17434159741019647,-0.09754401555652274,9.713067834787486
15.395395395395395,-0.005662945647075958,0.44729476526089124,9.914957875218567
15.415415415415415,-0.08320921135130904,0.2408586112034229,9.745237706970693
15.435435435435435,-0.23166218899042978,0.4137041577955592,9.759592130550686
15.455455455455455,0.40728122270650374,0.23280201508490597,9.658795071612769
15.475475475475475,-0.12946183475743595,-0.007443337914039835,9.966484206192023
15.495495495495495,0.1387715808615886,0.06452508466736341,9.748057477235543
15.515515515515515,0.1018345638227229,0.2423903548687667,9.429762626915375
15.535535535535535,0.5532234434951645,-0.12604706416496317,10.016700869348886
15.555555555555555,-0.46388830013988985,0.4138410455308172,10.049565101140672
15.575575575575575,-0.609922264392213,0.5688810186440945,9.790194727618449
15.595595595595595,-0.3644062593351954,0.11248960631222053,9.575338773798924
15.615615615615615,0.3774079135110586,0.4081364460179094,9.585525522666485
15.635635635635635,-0.0008436578633192819,-0.16526776592072026,9.761694431270643
15.655655655655655,-0.13905361936320096,0.23786707430092735,9.668070002521878
15.675675675675675,0.05979675729007425,0.3186660546659509,9.943157067740062
15.695695695695695,0.026999750030198423,0.16521747665866887,9.549151688762915
15.715715715715715,-0.0633772520925746,0.4716431097935122,9.894574102572165
15.735735735735735,0.26609900865565056,-0.03572882221905444,9.827655671305383
15.755755755755755,0.2141221916612226,0.1880844201625829,9.859195854993652
15.775775775775776,-0.08149289823668202,0.041629122757824176,9.678637761459795
15.795795795795796,-0.0008495098042159215,-0.19628178167953794,9.858064899729976
15.815815815815816,-0.17435553023912445,-0.36020137315387574,9.96254960354677
15.835835835835836,0.36917672856515715,0.07774841542148654,9.795056701078021
15.855855855855856,0.3928064749360758,-0.3084008722838339,9.808016823024236
15.875875875875876,-0.22877572427462795,0.19070384267207974,9.853730131287467
15.895895895895896,-0.042866523346144866,0.33842611002063044,9.81524268320883
15.915915915915916,-0.15201573988558756,-0.20374022118213275,9.627646834958009
15.935935935935936,0.22141440025581943,-0.3403902968691025,9.780548618114969
15.955955955955956,0.2238977074790634,-0.250477844276903,9.570093737373087
15.975975975975976,-0.18580778887662,0.5656518333986852,9.699099896840025
15.995995995995996,-0.3232694741212766,0.0932367187825131,9.78803619873688
16.016016016016017,-0.21797978456548528,0.1377432190025979,9.785254766266744
16.036036036036037,-0.2204034085875093,-0.0007353631331064894,9.747644439390609
16.056056056056057,-0.038826233666821426,0.43448900747104696,9.774961042096232
16.076076076076077,0.08265420719398178,0.2896005511223131,9.912022825156388
16.096096096096097,0.24874604201883668,-0.2815934219940428,9.786144732150666
16.116116116116117,0.1921101971631168,0.22651780720638026,9.870592916900199
16.136136136136138,-0.4893273301192569,-0.35212176415651814,9.890039711176433
16.156156156156158,-0.5008975920929276,-0.4465976913954373,9.764599302261134
16.176176176176178,0.5070046855236007,-0.154481128241629,9.705572705192765
16.196196196196198,0.7425913958099771,-0.10810156353512115,9.760951622250209
16.216216216216218,-0.038555974174863054,-0.17799193358326149,9.632067069304147
16.236236236236238,-0.745819032612562,-0.1092476240571391,9.879365838510891
16.256256256256258,0.030110525230445218,0.15842142039122084,9.463283662614174
16.276276276276278,0.5986505008428062,0.053593428400476824,9.709433057582936
16.296296296296298,-0.8199196968990233,-0.6183293760577944,9.80172289582624
16.316316316316318,0.13105700831098568,0.6351623237549443,9.79754289890239
16.336336336336338,-0.1516869748420593,-0.38844903536301373,9.662222844144834
16.356356356356358,-0.24858624812898217,0.01499379274269867,9.63235022450954
16.376376376376378,-0.3076040922429661,0.5580914028787113,9.728060472096661
16.396396396396398,-0.07945311705335803,-0.20848707854656393,9.777856862583278
16.416416416416418,0.4575368852632764,0.08449308490140979,9.750263160968668
16.436436436436438,-0.0031608169847160243,0.1189263517931251,10.00880665170881
16.456456456456458,-0.17052182997131507,0.43660997689415165,10.111818352669161
16.476476476476478,-0.03465065419183989,0.014524141144178148,9.910707314214724
16.496496496496498,0.3106981768457235,-0.039379672259414335,9.891356163474862
16.516516516516518,-0.19629604008774246,0.17011569719511407,9.674810050022453
16.536536536536538,0.36675936011126037,-0.05654784393217701,9.898362982169484
16.556556556556558,-0.47137375040430307,-0.21554456811889455,10.045643001396783
16.576576576576578,0.03455814771735747,0.13837716567825023,9.866069448632643
16.596596596596598,-0.009636732140191595,-0.5961183191578726,9.687353515755111
16.616616616616618,-0.15463103331401407,-0.34829465446826047,10.002976063792344
16.636636636636638,-0.28686557487669473,-0.010164371659566193,9.800822247440824
16.656656656656658,-0.17776520794561704,-0.03112672476171212,9.797178522024405
16.676676676676678,-0.12520868295365822,0.05457456357244426,9.92284330110258
16.696696696696698,0.08427044501222841,0.21392280140639797,9.968405998294251
16.716716716716718,0.657247204307117,-0.30256953743368703,9.805911463726634
16.736736736736738,-0.5297693345487865,-0.3979976119087161,9.424223242855733
16.756756756756758,-0.6230495194374895,-0.05135671808650985,9.637178702667942
16.776776776776778,0.7106874723481524,0.18601111014833202,9.860736318595468
16.796796796796798,-0.5516557322644783,-0.06708110092070485,9.883409168314499
16.816816816816818,0.027247508567869477,0.17998873735266763,9.888569779972158
16.836836836836838,0.12070902553377498,0.4292588459120433,9.743105392859405
16.856856856856858,0.10433773930128999,0.2402237830698089,10.137369665395985
16.876876876876878,0.8296145728552559,-0.13045306898048709,9.940461235496784
16.896896896896898,0.049068776791906035,-0.11315519777973686,9.432968576027276
16.916916916916918,0.24222053336371088,0.16195491444911922,9.800023397936204
16.936936936936938,0.3407614070270219,-0.2520899258559737,9.566520861348916
16.956956956956958,-0.09490930773455512,-0.18872193565487128,9.882355143626558
16.976976976976978,0.3268574885704197,-0.14774568264453045,9.825165546688819
16.996996996996998,-0.0637104660127195,-0.2445462718233022,10.175994384673846
17.017017017017018,0.6447388195714119,0.008667978448866293,9.773888283795786
17.037037037037038,-0.526454783797855,0.27654604759952095,9.543272189900183
17.057057057057058,0.055555494113899935,0.26266533640481743,10.126841604632618
17.077077077077078,-0.08576881391237236,0.46295479844324877,9.720097074836078
17.097097097097098,0.04972196240498954,0.0292761345412367,9.941405606941753
17.117117117117118,0.2652297901321075,-0.3672880372245111,9.743074307694869
17.137137137137138,0.25710649400940827,0.19301625858819682,9.665308877091176
17.157157157157158,-0.3722809425261588,-0.12936738073632945,9.684211304802348
17.177177177177178,-0.08639313979664429,0.18223305461461922,9.901962170706101
17.197197197197198,-0.0717692752954613,0.10946420531432646,9.997400168390289
17.217217217217218,0.43098047432300923,-0.22880670129269892,9.742441266650475
17.237237237237238,-0.5229890439049489,0.04972767597057891,9.635039816941458
17.25725725725726,-0.44663162954623636,0.27607617092094655,9.870284777769992
17.27727727727728,-0.2302356734586053,0.34252575087366594,9.642129895332774
17.2972972972973,0.2370491306462929,0.40513517589227677,9.820343129383703
17.31731731731732,-0.11801405846197685,0.3533117445083903,9.788063809564665
17.33733733733734,0.11784825395499003,-0.25928719433262715,9.66103558687645
17.35735735735736,-0.08956613363841373,-0.05305843044721673,9.705246672553312
17.37737737737738,-0.36029711867351133,-0.2475698936033068,10.071622810151728
17.3973973973974,-0.10899280189757332,-0.24332271082368837,9.760814252145295
17.41741741741742,0.08186015297642342,-0.31605103899774967,9.819532396646872
17.43743743743744,-0.30556370835495333,-0.2247583275374342,9.680182604470987
17.45745745745746,0.22143101381934446,-0.23791058822868838,9.711364250439093
17.47747747747748,-0.049273879249126275,0.027532870927954884,9.958035018245292
17.4974974974975,0.3888302625783146,-0.5949469965354864,9.556419943987919
17.51751751751752,-0.3241473988489186,0.40656057620618197,9.603751369874677
17.53753753753754,0.23738353409087365,-0.19305534981826503,9.677792267702175
17.55755755755756,-0.14857229033560382,-0.15797585515522064,9.818990042345254
17.57757757757758,-0.07378654787695277,-0.36056187764467346,9.815442945207717
17.5975975975976,0.21211646163374556,0.24100232895304405,9.565525758381495
17.61761761761762,0.09165409445975774,0.4188740031432269,9.67021569718798
17.63763763763764,-0.010048871485129595,0.07927740794092321,9.561464608096928
17.65765765765766,-0.3194496678165906,-0.02411569167061432,9.908303136952284
17.67767767767768,0.08575339540593291,-0.015917836104778423,9.79546830658775
17.6976976976977,0.03286562578994025,-0.014594618504663637,9.94994186994071
17.71771771771772,-0.2825245347409972,-0.3449802650105408,9.697274782663461
17.73773773773774,0.2115003058676814,-0.025096922111847386,9.531688530798055
17.75775775775776,-0.15770362571520283,0.43437391697470484,9.838981355928432
17.77777777777778,-0.12972471808721367,0.5929528724303212,9.66819507958098
17.7977977977978,0.234750872505555,0.2147652424963028,10.11674579594422
17.81781781781782,0.22549064711400305,0.3764136373229459,9.677343151412586
17.83783783783784,0.40252886074124744,0.20814415349892695,9.79057309389717
17.85785785785786,-0.1850932263740693,0.19245923644190382,9.957950529872742
17.87787787787788,-0.26434774695026186,-0.12328859265743515,9.77187647283749
17.8978978978979,0.27713205530294127,-0.5671121347601744,9.776565046512282
17.91791791791792,0.1777937520765361,-0.014625978046307374,9.637790759141794
17.93793793793794,-0.19712124014800608,0.0571277730988769,9.614383065618615
17.95795795795796,-0.1498495349482026,0.28571355980678265,9.826712933096914
17.97797797797798,-0.3205447885930125,0.14985472759511442,9.873930306811287
17.997997997998,0.11247943947222853,0.12133468136559164,9.795741566464562
18.01801801801802,-0.18214919134706478,-0.6368661488214727,9.692432256897394
18.03803803803804,-0.059094087273844256,-0.03705177309049385,9.755109117255698
18.05805805805806,-0.4153007593266432,0.2558293891342707,9.954088194173782
18.07807807807808,-0.31869023267860236,-0.101677407324879,9.929274600161136
18.0980980980981,0.07975210937693474,0.11146171111025331,9.753556219028745
18.11811811811812,-0.1961541773242477,-0.0010638174638726897,9.732632661117938
18.13813813813814,0.2040761712922138,0.06777186896122757,9.81947472208395
18.15815815815816,-0.5171860755765919,0.22655757231544005,9.807245266734473
18.17817817817818,-0.19560658114729587,-0.061898627703361755,10.023944313500662
18.1981981981982,-0.030321048415108506,-0.09271926918256325,9.631239207713493
18.21821821821822,-0.03888586028969724,-0.3982078818451953,9.839095683529909
18.23823823823824,-0.13714970792396292,-0.7390504121749126,9.988326666900281
18.25825825825826,0.042548272872217636,0.05176837056339307,9.86504901763246
18.27827827827828,-0.21875537386548619,-0.2339517254964233,9.682765930692824
18.2982982982983,0.22722684838512042,-0.10737058597984939,9.745521899052573
18.31831831831832,-0.18193403114918602,0.06646613804826755,10.01570548397343
18.33833833833834,0.37563535400818804,0.43633141486360283,9.882840644417463
18.35835835835836,-0.2712431718115343,-0.2477512711989242,9.97826498679438
18.37837837837838,0.6991972303162314,-0.3982824787051726,9.690741068396132
18.3983983983984,-0.07120192909010728,0.3715591274002638,10.077117544469573
18.41841841841842,-0.10862517796675297,-0.06539410524561876,9.86073048023788
18.43843843843844,-0.1253508690902896,0.21647583856330102,9.707832780001693
18.45845845845846,0.6255674722176241,-0.22377945664807375,9.903642137323631
18.47847847847848,-0.27273300644922643,0.03564919915654768,9.758042767499862
18.4984984984985,-0.2756500563870309,-0.16105055719400388,9.492462571143781
18.51851851851852,-0.1476900045161167,0.15388777906518966,9.69855360951242
18.53853853853854,-0.20220136692245813,0.12208735796718695,9.919695960465777
18.55855855855856,0.4079553500272694,0.8344973765720967,9.823442566599295
18.57857857857858,-0.4926971339500907,0.4563471927464462,9.654784164268637
18.5985985985986,-0.25973665705562277,0.23053383810332478,9.723460006228985
18.61861861861862,0.2192768100185074,-0.06787685403723384,9.809779400488592
18.63863863863864,0.0645071428614808,0.6554184340823667,10.0207244179092
18.65865865865866,-0.3244522555575479,0.2671447857480076,9.752111202457314
18.67867867867868,0.4107587977901244,0.12726645157004654,9.594889388794748
18.6986986986987,-0.026829270403989313,-0.09734484101639995,9.827024491856749
18.71871871871872,0.20167693123376304,-0.30416910202325526,9.699710582197625
18.73873873873874,-0.22583197316129494,0.21859372463050492,9.688485989860133
18.75875875875876,0.40538295620347065,-0.2655639373327763,10.013838943917513
18.77877877877878,-0.2276726008229546,-0.08241488461764569,9.689435936080223
18.7987987987988,0.36627588124502747,-0.16307450652912572,10.059528232626299
18.81881881881882,-0.1504780390812832,0.09064610832576643,9.529520344208583
18.83883883883884,-0.5956274776138984,-1.0031370538184046,9.940459050636887
18.85885885885886,0.12775686887241958,-0.11388478786432973,9.653055634296747
18.87887887887888,-0.025492270440991838,-0.33514291718404143,9.680587748924943
18.8988988988989,0.22525065446066828,0.4894973601118567,9.908244806485754
18.91891891891892,0.24823269918768356,-0.3885855033015016,9.792515385209725
18.93893893893894,-0.05245704242987494,-0.09402935424167914,9.799533231881055
18.95895895895896,0.03246284359615545,0.280186230702345,10.102335816839137
18.97897897897898,0.5187288796318483,0.0648569593232828,9.883444602678315
18.998998998999,0.08555560350783875,0.11309742295193602,9.84094777558343
19.01901901901902,-0.33623330726230066,0.30287401250869417,9.838786780919788
19.03903903903904,-0.2558171703891072,0.13118271508711413,9.86103416250412
19.05905905905906,0.34647605485128113,-0.2735761968084774,9.78446274004314
19.07907907907908,-0.2853986342771224,-0.132687785987939,9.997869817282954
19.0990990990991,0.3214876572050043,-0.46310103849694506,9.485927249745446
19.11911911911912,-0.29172173001848695,-0.23018245314156374,10.021691622846495
19.13913913913914,-0.09426812221498239,-0.49910347798636034,9.987662350232545
19.15915915915916,-0.12342077384396652,0.4656666153646417,9.704442179918331
19.17917917917918,-0.044231423058244006,0.14216403345464357,9.688194514929084
19.1991991991992,-0.171309594416787,-0.3921646260295566,9.561855554294358
19.21921921921922,-3.157262342048772e-05,-0.17925883284526897,9.72558212584946
19.23923923923924,0.4048864726098843,0.3890336103223161,9.443969993917575
19.25925925925926,-0.13378004383880251,-0.32064238559021896,10.230741055808922
19.27927927927928,-0.2057873094357922,-0.142374229580911,9.635759588576443
19.2992992992993,-0.0222478303932172,-0.3190491077043662,9.582681162853499
19.31931931931932,-0.033654804380368615,-0.3585580477859842,9.479492678473454
19.33933933933934,-0.02390296246575947,0.26628390583577377,10.02221194332289
19.35935935935936,0.005166522641176255,0.013082113532360884,9.788825163338618
19.37937937937938,0.16345978892142607,-0.20134593579940943,9.712157522479425
19.3993993993994,0.12891630639809493,0.13835118203007069,9.905904455349372
19.41941941941942,0.3444173913817556,0.6122340020819546,9.697585531222305
19.43943943943944,-0.24237699811769267,0.17974789395548393,9.781814663536524
19.45945945945946,0.05973118186349849,-0.13150933643558238,9.900452222188846
19.47947947947948,-0.3377108167780782,-0.38614065253371554,9.626239388793906
19.4994994994995,-0.31329686261794365,-0.20544229869193875,10.023266161824152
19.51951951951952,0.35093966284430705,0.15718873647421386,9.710535729025493
19.53953953953954,0.597639610184375,0.40232408429393685,9.738981857105628
19.55955955955956,0.1380329294004745,0.021477436334650154,9.765174847802768
19.57957957957958,0.42585239572257655,-0.26202984246854627,9.98459202510017
19.5995995995996,-0.012093503506328858,-0.328101010100353,9.922087522366747
19.61961961961962,-0.011683733643603865,-0.1857672680761475,9.654306892465554
19.63963963963964,0.6024192819835438,-0.06067790350323141,9.682116686702816
19.65965965965966,-0.021214324800312722,0.04259396342999487,9.516437850875626
19.67967967967968,0.07654547556795256,0.07706249971187475,9.801211565450082
19.6996996996997,0.02403487667081957,0.4658283333588241,9.671892215738866
19.71971971971972,-0.12597351089695893,0.09552426362520328,9.856848798791033
19.73973973973974,-0.07833763766551136,-0.1179946222421654,9.967274515925123
19.75975975975976,0.04203703339989013,-0.27002161391248686,9.844543492226444
19.77977977977978,-0.6211500207974265,-0.021536091937162955,9.876630969489238
19.7997997997998,0.1376774472560597,0.14495032009371336,9.999091297973411
19.81981981981982,0.7028905353276685,-0.28471882504927104,10.033844863995842
19.83983983983984,0.7016713859695098,0.06558956350003269,9.608904050393637
19.85985985985986,-0.004952220183523169,-0.18076969357743491,9.543133975838717
19.87987987987988,-0.01467677103330931,0.517095883907375,9.736088314433351
19.8998998998999,0.3293784545247711,0.3946050124182167,9.933974864412692
19.91991991991992,0.19910985485474572,-0.21363037118149375,9.842914738802373
19.93993993993994,0.1404936120073256,0.09484242073187833,10.091783036056063
19.95995995995996,0.48868475624248825,-0.19128407392649519,9.814074082854306
19.97997997997998,0.0040708223400065194,0.7778384900386048,9.87741014397197
20.0,-0.24932097438964185,0.14560944009835097,9.737273240131447
